{
  "harness_version": "iter11-cpu-2",
  "pipeline": "avifx",
  "pipeline_label": "Vanilla AVIF (libavif speed=10)",
  "task": "cls",
  "val_ds": "timm/imagenet-1k-wds",
  "val_split": "validation",
  "preprocessing": "squash 384x384",
  "operating_point": {
    "type": "quality",
    "value": 50,
    "extras": {
      "avif_speed": 10
    }
  },
  "transmit_bpp_mean": null,
  "storage_bpp_mean": null,
  "n_eval": null,
  "n_throughput_images": 32,
  "metrics": null,
  "throughput": {
    "encode": {
      "n": 32,
      "median_ms": 7.994984043762088,
      "mean_ms": 8.176683353667613,
      "p25_ms": 7.43820535717532,
      "p75_ms": 8.710903697647154
    },
    "consumer": {
      "n": 32,
      "median_ms": 70.7936529070139,
      "mean_ms": 71.874269619002,
      "p25_ms": 69.17586026247591,
      "p75_ms": 72.14888947783038
    },
    "consumer_decode_only": {
      "n": 32,
      "median_ms": 8.054564474150538,
      "mean_ms": 8.122455365082715,
      "p25_ms": 7.8635436948388815,
      "p75_ms": 8.413832576479763
    },
    "teacher_only": {
      "n": 32,
      "median_ms": 54.77735446766019,
      "mean_ms": 54.83305552479578,
      "p25_ms": 54.207035165745765,
      "p75_ms": 55.267131014261395
    }
  },
  "config": {
    "format": "AVIF",
    "quality": 50,
    "avif_speed": 10,
    "cpu_model": "AMD EPYC 9354 32-Core Processor",
    "gpu_model": null,
    "device": "cpu",
    "threading": "natural (library defaults; no OMP/MKL/torch caps)",
    "warmup_iters": 2
  }
}