{
  "harness_version": "iter11-cpu-2",
  "pipeline": "frp",
  "pipeline_label": "FRAPPE-only (no transcode)",
  "task": "cls",
  "val_ds": "timm/imagenet-1k-wds",
  "val_split": "validation",
  "preprocessing": "squash 384x384",
  "operating_point": {
    "type": "n_ch",
    "value": 12,
    "extras": {}
  },
  "transmit_bpp_mean": null,
  "storage_bpp_mean": null,
  "n_eval": null,
  "n_throughput_images": 32,
  "metrics": null,
  "throughput": {
    "encode": {
      "n": 32,
      "median_ms": 3.8601175183430314,
      "mean_ms": 3.90136335772695,
      "p25_ms": 3.801524406298995,
      "p75_ms": 3.9702345966361463
    },
    "consumer": {
      "n": 32,
      "median_ms": 273.8013545749709,
      "mean_ms": 276.7527832038468,
      "p25_ms": 271.22534828959033,
      "p75_ms": 282.9540981911123
    },
    "consumer_decode_only": {
      "n": 32,
      "median_ms": 243.09369747061282,
      "mean_ms": 268.48958165646764,
      "p25_ms": 236.8888430064544,
      "p75_ms": 318.02173459436744
    },
    "teacher_only": {
      "n": 32,
      "median_ms": 40.112127433530986,
      "mean_ms": 40.12278803566005,
      "p25_ms": 39.88754138117656,
      "p75_ms": 40.21216550609097
    }
  },
  "config": {
    "codec": "frappe",
    "n_ch": 12,
    "linear_input": false,
    "cpu_model": "AMD EPYC 9354 32-Core Processor",
    "gpu_model": null,
    "device": "cpu",
    "threading": "natural (library defaults; no OMP/MKL/torch caps)",
    "warmup_iters": 2
  }
}