{
  "harness_version": "iter11-cpu-2",
  "pipeline": "jpeg",
  "pipeline_label": "Vanilla JPEG (subsampling=0)",
  "task": "cls",
  "val_ds": "timm/imagenet-1k-wds",
  "val_split": "validation",
  "preprocessing": "squash 384x384",
  "operating_point": {
    "type": "quality",
    "value": 5,
    "extras": {}
  },
  "transmit_bpp_mean": null,
  "storage_bpp_mean": null,
  "n_eval": null,
  "n_throughput_images": 32,
  "metrics": null,
  "throughput": {
    "encode": {
      "n": 32,
      "median_ms": 0.4930458962917328,
      "mean_ms": 0.49617023614700884,
      "p25_ms": 0.4854611470364034,
      "p75_ms": 0.5068309837952256
    },
    "consumer": {
      "n": 32,
      "median_ms": 60.8194200322032,
      "mean_ms": 60.94394221145194,
      "p25_ms": 60.42585812974721,
      "p75_ms": 61.491368629503995
    },
    "consumer_decode_only": {
      "n": 32,
      "median_ms": 0.7224425207823515,
      "mean_ms": 0.768444879213348,
      "p25_ms": 0.6737869698554277,
      "p75_ms": 0.8346696267835796
    },
    "teacher_only": {
      "n": 32,
      "median_ms": 55.46150845475495,
      "mean_ms": 55.96190992946504,
      "p25_ms": 54.59809087915346,
      "p75_ms": 57.11578082991764
    }
  },
  "config": {
    "format": "JPEG",
    "quality": 5,
    "subsampling": 0,
    "cpu_model": "AMD EPYC 9354 32-Core Processor",
    "gpu_model": null,
    "device": "cpu",
    "threading": "natural (library defaults; no OMP/MKL/torch caps)",
    "warmup_iters": 2
  }
}