{
  "harness_version": "iter11-cpu-2",
  "pipeline": "wal",
  "pipeline_label": "WaLLoC RGB_16x",
  "task": "cls",
  "val_ds": "timm/imagenet-1k-wds",
  "val_split": "validation",
  "preprocessing": "squash 384x384",
  "operating_point": {
    "type": "pixel_ratio",
    "value": 11,
    "extras": {}
  },
  "transmit_bpp_mean": null,
  "storage_bpp_mean": null,
  "n_eval": null,
  "n_throughput_images": 256,
  "metrics": null,
  "throughput": {
    "encode": {
      "n": 256,
      "median_ms": 7.186589413322508,
      "mean_ms": 7.172146841185167,
      "p25_ms": 6.875996419694275,
      "p75_ms": 7.541975239291787
    },
    "consumer": {
      "n": 256,
      "median_ms": 167.89808555040509,
      "mean_ms": 177.93342856475647,
      "p25_ms": 84.9883008049801,
      "p75_ms": 226.94857325404882
    },
    "consumer_decode_only": {
      "n": 256,
      "median_ms": 45.44186394196004,
      "mean_ms": 85.10005219704908,
      "p25_ms": 37.230493559036404,
      "p75_ms": 131.91333622671664
    },
    "teacher_only": {
      "n": 256,
      "median_ms": 50.67994259297848,
      "mean_ms": 50.26516900943534,
      "p25_ms": 48.383571731392294,
      "p75_ms": 51.949181011877954
    }
  },
  "config": {
    "codec": "walloc:RGB_16x",
    "q_pixel_ratio": 11.0,
    "latent_dim": 12,
    "latent_bits": 8,
    "J": 3,
    "cpu_model": "AMD EPYC 9354 32-Core Processor",
    "gpu_model": null,
    "device": "cpu",
    "threading": "natural (library defaults; no OMP/MKL/torch caps)",
    "warmup_iters": 4
  }
}