{
  "harness_version": "iter11-cpu-2",
  "pipeline": "webp",
  "pipeline_label": "Vanilla WebP",
  "task": "cls",
  "val_ds": "timm/imagenet-1k-wds",
  "val_split": "validation",
  "preprocessing": "squash 384x384",
  "operating_point": {
    "type": "quality",
    "value": 50,
    "extras": {}
  },
  "transmit_bpp_mean": null,
  "storage_bpp_mean": null,
  "n_eval": null,
  "n_throughput_images": 32,
  "metrics": null,
  "throughput": {
    "encode": {
      "n": 32,
      "median_ms": 10.537346475757658,
      "mean_ms": 10.838152673386503,
      "p25_ms": 9.90741717396304,
      "p75_ms": 11.59213506616652
    },
    "consumer": {
      "n": 32,
      "median_ms": 57.46357305906713,
      "mean_ms": 57.402101934712846,
      "p25_ms": 56.911081017460674,
      "p75_ms": 57.90483421878889
    },
    "consumer_decode_only": {
      "n": 32,
      "median_ms": 1.5692900633439422,
      "mean_ms": 1.6345036492566578,
      "p25_ms": 1.3697842368856072,
      "p75_ms": 1.7712025437504053
    },
    "teacher_only": {
      "n": 32,
      "median_ms": 53.325050976127386,
      "mean_ms": 53.95193407457555,
      "p25_ms": 52.578576491214335,
      "p75_ms": 54.96044788742438
    }
  },
  "config": {
    "format": "WEBP",
    "quality": 50,
    "cpu_model": "AMD EPYC 9354 32-Core Processor",
    "gpu_model": null,
    "device": "cpu",
    "threading": "natural (library defaults; no OMP/MKL/torch caps)",
    "warmup_iters": 2
  }
}