{
  "harness_version": "iter11-cpu-2",
  "pipeline": "walsand",
  "pipeline_label": "WaLLoC + SEA OTTER sandwich",
  "task": "cls",
  "val_ds": "timm/imagenet-1k-wds",
  "val_split": "validation",
  "preprocessing": "squash 384x384",
  "operating_point": {
    "type": "pixel_ratio",
    "value": 100,
    "extras": {}
  },
  "transmit_bpp_mean": null,
  "storage_bpp_mean": null,
  "n_eval": null,
  "n_throughput_images": 32,
  "metrics": null,
  "throughput": {
    "encode": {
      "n": 32,
      "median_ms": 13.784297043457627,
      "mean_ms": 13.10675372951664,
      "p25_ms": 13.28824827214703,
      "p75_ms": 14.23855306347832
    },
    "consumer": {
      "n": 32,
      "median_ms": 49.88059704191983,
      "mean_ms": 53.02561249118298,
      "p25_ms": 49.240995082072914,
      "p75_ms": 50.66303163766861
    },
    "consumer_decode_only": {
      "n": 32,
      "median_ms": 3.0796939972788095,
      "mean_ms": 3.066052457143087,
      "p25_ms": 2.993679023347795,
      "p75_ms": 3.176625003106892
    },
    "teacher_only": {
      "n": 32,
      "median_ms": 46.14694602787495,
      "mean_ms": 46.25587316695601,
      "p25_ms": 45.92395754298195,
      "p75_ms": 46.473766735289246
    }
  },
  "config": {
    "codec": "walsand",
    "q_pixel_ratio": 100.0,
    "phase2_k": 2,
    "phase2_arch": "D",
    "walloc_latent_dim": 12,
    "walloc_latent_bits": 8,
    "cpu_model": "AMD EPYC 9354 32-Core Processor",
    "gpu_model": null,
    "device": "cpu",
    "threading": "natural (library defaults; no OMP/MKL/torch caps)",
    "warmup_iters": 2
  }
}