{
  "harness_version": "iter11-cpu-2",
  "pipeline": "walsand",
  "pipeline_label": "WaLLoC + SEA OTTER sandwich",
  "task": "cls",
  "val_ds": "timm/imagenet-1k-wds",
  "val_split": "validation",
  "preprocessing": "squash 384x384",
  "operating_point": {
    "type": "pixel_ratio",
    "value": 16,
    "extras": {}
  },
  "transmit_bpp_mean": null,
  "storage_bpp_mean": null,
  "n_eval": null,
  "n_throughput_images": 32,
  "metrics": null,
  "throughput": {
    "encode": {
      "n": 32,
      "median_ms": 7.550708018243313,
      "mean_ms": 7.337644979998004,
      "p25_ms": 6.831155973486602,
      "p75_ms": 7.683955715037882
    },
    "consumer": {
      "n": 32,
      "median_ms": 59.358639060519636,
      "mean_ms": 59.29553803434828,
      "p25_ms": 58.71379451127723,
      "p75_ms": 59.91620774148032
    },
    "consumer_decode_only": {
      "n": 32,
      "median_ms": 2.9151791241019964,
      "mean_ms": 2.934494688815903,
      "p25_ms": 2.8424214688129723,
      "p75_ms": 2.994216571096331
    },
    "teacher_only": {
      "n": 32,
      "median_ms": 57.050171424634755,
      "mean_ms": 57.07825467834482,
      "p25_ms": 56.514219962991774,
      "p75_ms": 57.335107238031924
    }
  },
  "config": {
    "codec": "walsand",
    "q_pixel_ratio": 16.0,
    "phase2_k": 2,
    "phase2_arch": "D",
    "walloc_latent_dim": 12,
    "walloc_latent_bits": 8,
    "cpu_model": "AMD EPYC 9354 32-Core Processor",
    "gpu_model": null,
    "device": "cpu",
    "threading": "natural (library defaults; no OMP/MKL/torch caps)",
    "warmup_iters": 2
  }
}