{
  "harness_version": "iter11-cpu-2",
  "pipeline": "jpeg",
  "pipeline_label": "Vanilla JPEG (subsampling=0)",
  "task": "cls",
  "val_ds": "timm/imagenet-1k-wds",
  "val_split": "validation",
  "preprocessing": "squash 384x384",
  "operating_point": {
    "type": "quality",
    "value": 50,
    "extras": {}
  },
  "transmit_bpp_mean": null,
  "storage_bpp_mean": null,
  "n_eval": null,
  "n_throughput_images": 32,
  "metrics": null,
  "throughput": {
    "encode": {
      "n": 32,
      "median_ms": 0.5727165844291449,
      "mean_ms": 0.5849807348567992,
      "p25_ms": 0.5600641597993672,
      "p75_ms": 0.60636131092906
    },
    "consumer": {
      "n": 32,
      "median_ms": 62.512348988093436,
      "mean_ms": 62.48738670547027,
      "p25_ms": 61.96263921447098,
      "p75_ms": 62.88117490475997
    },
    "consumer_decode_only": {
      "n": 32,
      "median_ms": 0.8843779796734452,
      "mean_ms": 0.907060551980976,
      "p25_ms": 0.820772722363472,
      "p75_ms": 1.0043404763564467
    },
    "teacher_only": {
      "n": 32,
      "median_ms": 60.133665916509926,
      "mean_ms": 62.247103232948575,
      "p25_ms": 59.510627237614244,
      "p75_ms": 64.73649776307866
    }
  },
  "config": {
    "format": "JPEG",
    "quality": 50,
    "subsampling": 0,
    "cpu_model": "AMD EPYC 9354 32-Core Processor",
    "gpu_model": null,
    "device": "cpu",
    "threading": "natural (library defaults; no OMP/MKL/torch caps)",
    "warmup_iters": 2
  }
}