{
  "harness_version": "iter11-cpu-2",
  "pipeline": "webp",
  "pipeline_label": "Vanilla WebP",
  "task": "cls",
  "val_ds": "timm/imagenet-1k-wds",
  "val_split": "validation",
  "preprocessing": "squash 384x384",
  "operating_point": {
    "type": "quality",
    "value": 25,
    "extras": {}
  },
  "transmit_bpp_mean": null,
  "storage_bpp_mean": null,
  "n_eval": null,
  "n_throughput_images": 32,
  "metrics": null,
  "throughput": {
    "encode": {
      "n": 32,
      "median_ms": 9.701154427602887,
      "mean_ms": 9.9060589709552,
      "p25_ms": 9.047930187080055,
      "p75_ms": 10.579949128441513
    },
    "consumer": {
      "n": 32,
      "median_ms": 64.47887001559138,
      "mean_ms": 64.27760990482057,
      "p25_ms": 62.196257582399994,
      "p75_ms": 66.38826534617692
    },
    "consumer_decode_only": {
      "n": 32,
      "median_ms": 1.3691039057448506,
      "mean_ms": 1.408112031640485,
      "p25_ms": 1.216983248014003,
      "p75_ms": 1.5247067203745246
    },
    "teacher_only": {
      "n": 32,
      "median_ms": 60.378737514838576,
      "mean_ms": 60.91704130085418,
      "p25_ms": 58.59203694853932,
      "p75_ms": 62.073564797174186
    }
  },
  "config": {
    "format": "WEBP",
    "quality": 25,
    "cpu_model": "AMD EPYC 9354 32-Core Processor",
    "gpu_model": null,
    "device": "cpu",
    "threading": "natural (library defaults; no OMP/MKL/torch caps)",
    "warmup_iters": 2
  }
}