{
  "harness_version": "iter11-cpu-2",
  "pipeline": "avif",
  "pipeline_label": "Vanilla AVIF (libavif default speed)",
  "task": "cls",
  "val_ds": "timm/imagenet-1k-wds",
  "val_split": "validation",
  "preprocessing": "squash 384x384",
  "operating_point": {
    "type": "quality",
    "value": 50,
    "extras": {}
  },
  "transmit_bpp_mean": null,
  "storage_bpp_mean": null,
  "n_eval": null,
  "n_throughput_images": 32,
  "metrics": null,
  "throughput": {
    "encode": {
      "n": 32,
      "median_ms": 53.61179157625884,
      "mean_ms": 53.145126163144596,
      "p25_ms": 45.14982574619353,
      "p75_ms": 62.623963225632906
    },
    "consumer": {
      "n": 32,
      "median_ms": 77.10769737605006,
      "mean_ms": 77.59315276052803,
      "p25_ms": 75.89874445693567,
      "p75_ms": 78.16797849955037
    },
    "consumer_decode_only": {
      "n": 32,
      "median_ms": 7.9175339778885245,
      "mean_ms": 8.02649391698651,
      "p25_ms": 7.724013004917651,
      "p75_ms": 8.377855294384062
    },
    "teacher_only": {
      "n": 32,
      "median_ms": 58.325030957348645,
      "mean_ms": 59.464778285473585,
      "p25_ms": 57.87930660881102,
      "p75_ms": 59.490236395504326
    }
  },
  "config": {
    "format": "AVIF",
    "quality": 50,
    "avif_speed": null,
    "cpu_model": "AMD EPYC 9354 32-Core Processor",
    "gpu_model": null,
    "device": "cpu",
    "threading": "natural (library defaults; no OMP/MKL/torch caps)",
    "warmup_iters": 2
  }
}