{
  "harness_version": "iter11-cpu-2",
  "pipeline": "frp",
  "pipeline_label": "FRAPPE-only (no transcode)",
  "task": "cls",
  "val_ds": "timm/imagenet-1k-wds",
  "val_split": "validation",
  "preprocessing": "squash 384x384",
  "operating_point": {
    "type": "n_ch",
    "value": 3,
    "extras": {}
  },
  "transmit_bpp_mean": null,
  "storage_bpp_mean": null,
  "n_eval": null,
  "n_throughput_images": 256,
  "metrics": null,
  "throughput": {
    "encode": {
      "n": 256,
      "median_ms": 2.1372754126787186,
      "mean_ms": 2.029074180427415,
      "p25_ms": 1.8175076111219823,
      "p75_ms": 2.1779160597361624
    },
    "consumer": {
      "n": 256,
      "median_ms": 276.0546774370596,
      "mean_ms": 276.4136738878733,
      "p25_ms": 269.8691579280421,
      "p75_ms": 282.6085814740509
    },
    "consumer_decode_only": {
      "n": 256,
      "median_ms": 223.72027405072004,
      "mean_ms": 222.96940809337684,
      "p25_ms": 220.80933931283653,
      "p75_ms": 226.0984058957547
    },
    "teacher_only": {
      "n": 256,
      "median_ms": 42.37563908100128,
      "mean_ms": 42.87182295684033,
      "p25_ms": 41.982210881542414,
      "p75_ms": 43.196454527787864
    }
  },
  "config": {
    "codec": "frappe",
    "n_ch": 3,
    "linear_input": false,
    "cpu_model": "AMD EPYC 9354 32-Core Processor",
    "gpu_model": null,
    "device": "cpu",
    "threading": "natural (library defaults; no OMP/MKL/torch caps)",
    "warmup_iters": 4
  }
}