{
  "harness_version": "iter11-cpu-2",
  "pipeline": "jpeg",
  "pipeline_label": "Vanilla JPEG (subsampling=0)",
  "task": "cls",
  "val_ds": "timm/imagenet-1k-wds",
  "val_split": "validation",
  "preprocessing": "squash 384x384",
  "operating_point": {
    "type": "quality",
    "value": 1,
    "extras": {}
  },
  "transmit_bpp_mean": null,
  "storage_bpp_mean": null,
  "n_eval": null,
  "n_throughput_images": 256,
  "metrics": null,
  "throughput": {
    "encode": {
      "n": 256,
      "median_ms": 0.507080927491188,
      "mean_ms": 0.5634736717183841,
      "p25_ms": 0.4785959026776254,
      "p75_ms": 0.6433419766835868
    },
    "consumer": {
      "n": 256,
      "median_ms": 53.25268395245075,
      "mean_ms": 53.486814863390464,
      "p25_ms": 52.403799491003156,
      "p75_ms": 54.220396967139095
    },
    "consumer_decode_only": {
      "n": 256,
      "median_ms": 0.6128664826974273,
      "mean_ms": 0.6357050624501426,
      "p25_ms": 0.5981745198369026,
      "p75_ms": 0.6277040811255574
    },
    "teacher_only": {
      "n": 256,
      "median_ms": 46.31131503265351,
      "mean_ms": 47.997639756431454,
      "p25_ms": 45.309522189199924,
      "p75_ms": 51.32630653679371
    }
  },
  "config": {
    "format": "JPEG",
    "quality": 1,
    "subsampling": 0,
    "cpu_model": "AMD EPYC 9354 32-Core Processor",
    "gpu_model": null,
    "device": "cpu",
    "threading": "natural (library defaults; no OMP/MKL/torch caps)",
    "warmup_iters": 4
  }
}