{
  "harness_version": "iter11-cpu-2",
  "pipeline": "jp2",
  "pipeline_label": "Vanilla JPEG 2000",
  "task": "cls",
  "val_ds": "timm/imagenet-1k-wds",
  "val_split": "validation",
  "preprocessing": "squash 384x384",
  "operating_point": {
    "type": "rate",
    "value": 25,
    "extras": {}
  },
  "transmit_bpp_mean": null,
  "storage_bpp_mean": null,
  "n_eval": null,
  "n_throughput_images": 32,
  "metrics": null,
  "throughput": {
    "encode": {
      "n": 32,
      "median_ms": 69.35364857781678,
      "mean_ms": 69.85969516972546,
      "p25_ms": 63.526415498927236,
      "p75_ms": 76.54065382666886
    },
    "consumer": {
      "n": 32,
      "median_ms": 78.27732001896948,
      "mean_ms": 78.30486820603255,
      "p25_ms": 77.50382454833016,
      "p75_ms": 79.25506721949205
    },
    "consumer_decode_only": {
      "n": 32,
      "median_ms": 10.830027051270008,
      "mean_ms": 10.857975707040168,
      "p25_ms": 10.569014237262309,
      "p75_ms": 10.96389046870172
    },
    "teacher_only": {
      "n": 32,
      "median_ms": 61.21540395542979,
      "mean_ms": 61.148211440013256,
      "p25_ms": 60.57217204943299,
      "p75_ms": 61.5680642076768
    }
  },
  "config": {
    "format": "JPEG2000",
    "rate": 25.0,
    "cpu_model": "AMD EPYC 9354 32-Core Processor",
    "gpu_model": null,
    "device": "cpu",
    "threading": "natural (library defaults; no OMP/MKL/torch caps)",
    "warmup_iters": 2
  }
}