{
  "harness_version": "iter11-cpu-2",
  "pipeline": "frp",
  "pipeline_label": "FRAPPE-only (no transcode)",
  "task": "cls",
  "val_ds": "timm/imagenet-1k-wds",
  "val_split": "validation",
  "preprocessing": "squash 384x384",
  "operating_point": {
    "type": "n_ch",
    "value": 12,
    "extras": {}
  },
  "transmit_bpp_mean": null,
  "storage_bpp_mean": null,
  "n_eval": null,
  "n_throughput_images": 256,
  "metrics": null,
  "throughput": {
    "encode": {
      "n": 256,
      "median_ms": 2.982003497891128,
      "mean_ms": 2.9568661639132188,
      "p25_ms": 2.6754728169180453,
      "p75_ms": 3.1357237603515387
    },
    "consumer": {
      "n": 256,
      "median_ms": 271.66835544630885,
      "mean_ms": 272.27412138108775,
      "p25_ms": 259.9712842493318,
      "p75_ms": 280.8866615523584
    },
    "consumer_decode_only": {
      "n": 256,
      "median_ms": 218.06183003354818,
      "mean_ms": 230.7292048490126,
      "p25_ms": 210.1698904298246,
      "p75_ms": 265.25576174026355
    },
    "teacher_only": {
      "n": 256,
      "median_ms": 43.75196201726794,
      "mean_ms": 43.697786740267475,
      "p25_ms": 43.06370991980657,
      "p75_ms": 44.44627900375053
    }
  },
  "config": {
    "codec": "frappe",
    "n_ch": 12,
    "linear_input": false,
    "cpu_model": "AMD EPYC 9354 32-Core Processor",
    "gpu_model": null,
    "device": "cpu",
    "threading": "natural (library defaults; no OMP/MKL/torch caps)",
    "warmup_iters": 4
  }
}