{
  "harness_version": "iter11-cpu-2",
  "pipeline": "avif",
  "pipeline_label": "Vanilla AVIF (libavif default speed)",
  "task": "cls",
  "val_ds": "timm/imagenet-1k-wds",
  "val_split": "validation",
  "preprocessing": "squash 384x384",
  "operating_point": {
    "type": "quality",
    "value": 1,
    "extras": {}
  },
  "transmit_bpp_mean": null,
  "storage_bpp_mean": null,
  "n_eval": null,
  "n_throughput_images": 32,
  "metrics": null,
  "throughput": {
    "encode": {
      "n": 32,
      "median_ms": 28.554377029649913,
      "mean_ms": 29.538050039263908,
      "p25_ms": 26.803765969816595,
      "p75_ms": 32.37609611824155
    },
    "consumer": {
      "n": 32,
      "median_ms": 76.9494790583849,
      "mean_ms": 76.32352044311119,
      "p25_ms": 73.72674398357049,
      "p75_ms": 78.14878481440246
    },
    "consumer_decode_only": {
      "n": 32,
      "median_ms": 7.104962016455829,
      "mean_ms": 7.24496732436819,
      "p25_ms": 7.000803365372121,
      "p75_ms": 7.215272053144872
    },
    "teacher_only": {
      "n": 32,
      "median_ms": 59.77222649380565,
      "mean_ms": 60.20233840536093,
      "p25_ms": 58.618070906959474,
      "p75_ms": 61.26681133173406
    }
  },
  "config": {
    "format": "AVIF",
    "quality": 1,
    "avif_speed": null,
    "cpu_model": "AMD EPYC 9354 32-Core Processor",
    "gpu_model": null,
    "device": "cpu",
    "threading": "natural (library defaults; no OMP/MKL/torch caps)",
    "warmup_iters": 2
  }
}