{
  "harness_version": "iter11-cpu-2",
  "pipeline": "walsand",
  "pipeline_label": "WaLLoC + SEA OTTER sandwich",
  "task": "cls",
  "val_ds": "timm/imagenet-1k-wds",
  "val_split": "validation",
  "preprocessing": "squash 384x384",
  "operating_point": {
    "type": "pixel_ratio",
    "value": 80,
    "extras": {}
  },
  "transmit_bpp_mean": null,
  "storage_bpp_mean": null,
  "n_eval": null,
  "n_throughput_images": 32,
  "metrics": null,
  "throughput": {
    "encode": {
      "n": 32,
      "median_ms": 16.899987123906612,
      "mean_ms": 16.69232076528715,
      "p25_ms": 15.900503494776785,
      "p75_ms": 17.896972538437694
    },
    "consumer": {
      "n": 32,
      "median_ms": 42.08986402954906,
      "mean_ms": 42.12330841255607,
      "p25_ms": 41.90064367139712,
      "p75_ms": 42.27810667362064
    },
    "consumer_decode_only": {
      "n": 32,
      "median_ms": 2.2103769006207585,
      "mean_ms": 2.2830852103652433,
      "p25_ms": 2.1404720027931035,
      "p75_ms": 2.384170249570161
    },
    "teacher_only": {
      "n": 32,
      "median_ms": 39.348370977677405,
      "mean_ms": 39.33323323872173,
      "p25_ms": 39.1594399116002,
      "p75_ms": 39.45470112375915
    }
  },
  "config": {
    "codec": "walsand",
    "q_pixel_ratio": 80.0,
    "phase2_k": 2,
    "phase2_arch": "D",
    "walloc_latent_dim": 12,
    "walloc_latent_bits": 8,
    "cpu_model": "AMD EPYC 9354 32-Core Processor",
    "gpu_model": null,
    "device": "cpu",
    "threading": "natural (library defaults; no OMP/MKL/torch caps)",
    "warmup_iters": 2
  }
}