{
  "harness_version": "iter11-cpu-2",
  "pipeline": "jp2",
  "pipeline_label": "Vanilla JPEG 2000",
  "task": "cls",
  "val_ds": "timm/imagenet-1k-wds",
  "val_split": "validation",
  "preprocessing": "squash 384x384",
  "operating_point": {
    "type": "rate",
    "value": 50,
    "extras": {}
  },
  "transmit_bpp_mean": null,
  "storage_bpp_mean": null,
  "n_eval": null,
  "n_throughput_images": 32,
  "metrics": null,
  "throughput": {
    "encode": {
      "n": 32,
      "median_ms": 68.90725146513432,
      "mean_ms": 69.8406986775808,
      "p25_ms": 63.677583006210625,
      "p75_ms": 76.9684927072376
    },
    "consumer": {
      "n": 32,
      "median_ms": 78.0749290715903,
      "mean_ms": 77.9991034505656,
      "p25_ms": 76.43500878475606,
      "p75_ms": 79.08759702695534
    },
    "consumer_decode_only": {
      "n": 32,
      "median_ms": 8.951361989602447,
      "mean_ms": 8.998140816402156,
      "p25_ms": 8.782391960266978,
      "p75_ms": 9.046417020726949
    },
    "teacher_only": {
      "n": 32,
      "median_ms": 62.11468100082129,
      "mean_ms": 62.363529395952355,
      "p25_ms": 61.21968547813594,
      "p75_ms": 63.36251745233312
    }
  },
  "config": {
    "format": "JPEG2000",
    "rate": 50.0,
    "cpu_model": "AMD EPYC 9354 32-Core Processor",
    "gpu_model": null,
    "device": "cpu",
    "threading": "natural (library defaults; no OMP/MKL/torch caps)",
    "warmup_iters": 2
  }
}