{
  "harness_version": "iter11-cpu-2",
  "pipeline": "wal",
  "pipeline_label": "WaLLoC RGB_16x",
  "task": "cls",
  "val_ds": "timm/imagenet-1k-wds",
  "val_split": "validation",
  "preprocessing": "squash 384x384",
  "operating_point": {
    "type": "pixel_ratio",
    "value": 36,
    "extras": {}
  },
  "transmit_bpp_mean": null,
  "storage_bpp_mean": null,
  "n_eval": null,
  "n_throughput_images": 32,
  "metrics": null,
  "throughput": {
    "encode": {
      "n": 32,
      "median_ms": 9.635579423047602,
      "mean_ms": 9.371177737193648,
      "p25_ms": 8.560716058127582,
      "p75_ms": 10.010031051933765
    },
    "consumer": {
      "n": 32,
      "median_ms": 133.3996559260413,
      "mean_ms": 133.568955847295,
      "p25_ms": 132.48366868356243,
      "p75_ms": 134.20432893326506
    },
    "consumer_decode_only": {
      "n": 32,
      "median_ms": 67.25800747517496,
      "mean_ms": 68.10089179634815,
      "p25_ms": 66.54100498417392,
      "p75_ms": 68.02393263205886
    },
    "teacher_only": {
      "n": 32,
      "median_ms": 60.57618197519332,
      "mean_ms": 60.80501108226599,
      "p25_ms": 60.02963031642139,
      "p75_ms": 61.61751027684659
    }
  },
  "config": {
    "codec": "walloc:RGB_16x",
    "q_pixel_ratio": 36.0,
    "latent_dim": 12,
    "latent_bits": 8,
    "J": 3,
    "cpu_model": "AMD EPYC 9354 32-Core Processor",
    "gpu_model": null,
    "device": "cpu",
    "threading": "natural (library defaults; no OMP/MKL/torch caps)",
    "warmup_iters": 2
  }
}