{
  "harness_version": "iter11-cpu-2",
  "pipeline": "avifx",
  "pipeline_label": "Vanilla AVIF (libavif speed=10)",
  "task": "cls",
  "val_ds": "timm/imagenet-1k-wds",
  "val_split": "validation",
  "preprocessing": "squash 384x384",
  "operating_point": {
    "type": "quality",
    "value": 10,
    "extras": {
      "avif_speed": 10
    }
  },
  "transmit_bpp_mean": null,
  "storage_bpp_mean": null,
  "n_eval": null,
  "n_throughput_images": 32,
  "metrics": null,
  "throughput": {
    "encode": {
      "n": 32,
      "median_ms": 5.954488064162433,
      "mean_ms": 6.003968970617279,
      "p25_ms": 5.6612969492562115,
      "p75_ms": 6.165058759506792
    },
    "consumer": {
      "n": 32,
      "median_ms": 67.96698900870979,
      "mean_ms": 68.74283163051587,
      "p25_ms": 67.56133330054581,
      "p75_ms": 69.18757304083556
    },
    "consumer_decode_only": {
      "n": 32,
      "median_ms": 7.97320855781436,
      "mean_ms": 8.45475109963445,
      "p25_ms": 7.705960772000253,
      "p75_ms": 8.457222778815776
    },
    "teacher_only": {
      "n": 32,
      "median_ms": 61.92480609752238,
      "mean_ms": 62.02191374177346,
      "p25_ms": 60.661522729787976,
      "p75_ms": 62.97501170774922
    }
  },
  "config": {
    "format": "AVIF",
    "quality": 10,
    "avif_speed": 10,
    "cpu_model": "AMD EPYC 9354 32-Core Processor",
    "gpu_model": null,
    "device": "cpu",
    "threading": "natural (library defaults; no OMP/MKL/torch caps)",
    "warmup_iters": 2
  }
}