{
  "harness_version": "iter11-cpu-2",
  "pipeline": "avif",
  "pipeline_label": "Vanilla AVIF (libavif default speed)",
  "task": "cls",
  "val_ds": "timm/imagenet-1k-wds",
  "val_split": "validation",
  "preprocessing": "squash 384x384",
  "operating_point": {
    "type": "quality",
    "value": 5,
    "extras": {}
  },
  "transmit_bpp_mean": null,
  "storage_bpp_mean": null,
  "n_eval": null,
  "n_throughput_images": 256,
  "metrics": null,
  "throughput": {
    "encode": {
      "n": 256,
      "median_ms": 27.77321543544531,
      "mean_ms": 28.248711501873913,
      "p25_ms": 24.669256061315536,
      "p75_ms": 31.692429445683956
    },
    "consumer": {
      "n": 256,
      "median_ms": 64.38593589700758,
      "mean_ms": 67.01039114432206,
      "p25_ms": 62.39343510242179,
      "p75_ms": 72.18424399616197
    },
    "consumer_decode_only": {
      "n": 256,
      "median_ms": 7.450866978615522,
      "mean_ms": 7.658564304620086,
      "p25_ms": 7.305360923055559,
      "p75_ms": 7.662309391889721
    },
    "teacher_only": {
      "n": 256,
      "median_ms": 55.86036155000329,
      "mean_ms": 56.06944250394008,
      "p25_ms": 55.48875598469749,
      "p75_ms": 56.47641379619017
    }
  },
  "config": {
    "format": "AVIF",
    "quality": 5,
    "avif_speed": null,
    "cpu_model": "AMD EPYC 9354 32-Core Processor",
    "gpu_model": null,
    "device": "cpu",
    "threading": "natural (library defaults; no OMP/MKL/torch caps)",
    "warmup_iters": 4
  }
}