{
  "harness_version": "iter11-cpu-2",
  "pipeline": "wal",
  "pipeline_label": "WaLLoC RGB_16x",
  "task": "cls",
  "val_ds": "timm/imagenet-1k-wds",
  "val_split": "validation",
  "preprocessing": "squash 384x384",
  "operating_point": {
    "type": "pixel_ratio",
    "value": 10.5,
    "extras": {}
  },
  "transmit_bpp_mean": null,
  "storage_bpp_mean": null,
  "n_eval": null,
  "n_throughput_images": 32,
  "metrics": null,
  "throughput": {
    "encode": {
      "n": 32,
      "median_ms": 5.37399051245302,
      "mean_ms": 5.544213592656888,
      "p25_ms": 5.263057770207524,
      "p75_ms": 5.824420368298888
    },
    "consumer": {
      "n": 32,
      "median_ms": 503.2476714113727,
      "mean_ms": 637.4685070186388,
      "p25_ms": 252.86654382944107,
      "p75_ms": 645.6664155120961
    },
    "consumer_decode_only": {
      "n": 32,
      "median_ms": 45.20204954314977,
      "mean_ms": 45.43668800761225,
      "p25_ms": 44.81939546531066,
      "p75_ms": 46.10983730526641
    },
    "teacher_only": {
      "n": 32,
      "median_ms": 70.8749599289149,
      "mean_ms": 71.60992793069454,
      "p25_ms": 69.26009256858379,
      "p75_ms": 71.54169713612646
    }
  },
  "config": {
    "codec": "walloc:RGB_16x",
    "q_pixel_ratio": 10.5,
    "latent_dim": 12,
    "latent_bits": 8,
    "J": 3,
    "cpu_model": "AMD EPYC 9354 32-Core Processor",
    "gpu_model": null,
    "device": "cpu",
    "threading": "natural (library defaults; no OMP/MKL/torch caps)",
    "warmup_iters": 2
  }
}