{
  "harness_version": "iter11-cpu-2",
  "pipeline": "avifx",
  "pipeline_label": "Vanilla AVIF (libavif speed=10)",
  "task": "cls",
  "val_ds": "timm/imagenet-1k-wds",
  "val_split": "validation",
  "preprocessing": "squash 384x384",
  "operating_point": {
    "type": "quality",
    "value": 3,
    "extras": {
      "avif_speed": 10
    }
  },
  "transmit_bpp_mean": null,
  "storage_bpp_mean": null,
  "n_eval": null,
  "n_throughput_images": 256,
  "metrics": null,
  "throughput": {
    "encode": {
      "n": 256,
      "median_ms": 5.875526927411556,
      "mean_ms": 5.906023930037918,
      "p25_ms": 5.65903092501685,
      "p75_ms": 6.055715202819556
    },
    "consumer": {
      "n": 256,
      "median_ms": 59.586720541119576,
      "mean_ms": 59.649722523317905,
      "p25_ms": 57.280783250462264,
      "p75_ms": 61.44255097024143
    },
    "consumer_decode_only": {
      "n": 256,
      "median_ms": 7.545456639491022,
      "mean_ms": 7.697474382439395,
      "p25_ms": 7.430938945617527,
      "p75_ms": 7.6992897083982825
    },
    "teacher_only": {
      "n": 256,
      "median_ms": 37.022495991550386,
      "mean_ms": 42.1628402918941,
      "p25_ms": 36.50659677805379,
      "p75_ms": 51.25923443119973
    }
  },
  "config": {
    "format": "AVIF",
    "quality": 3,
    "avif_speed": 10,
    "cpu_model": "AMD EPYC 9354 32-Core Processor",
    "gpu_model": null,
    "device": "cpu",
    "threading": "natural (library defaults; no OMP/MKL/torch caps)",
    "warmup_iters": 4
  }
}