{
  "harness_version": "iter11-cpu-2",
  "pipeline": "avifx",
  "pipeline_label": "Vanilla AVIF (libavif speed=10)",
  "task": "cls",
  "val_ds": "timm/imagenet-1k-wds",
  "val_split": "validation",
  "preprocessing": "squash 384x384",
  "operating_point": {
    "type": "quality",
    "value": 1,
    "extras": {
      "avif_speed": 10
    }
  },
  "transmit_bpp_mean": null,
  "storage_bpp_mean": null,
  "n_eval": null,
  "n_throughput_images": 256,
  "metrics": null,
  "throughput": {
    "encode": {
      "n": 256,
      "median_ms": 5.973927094601095,
      "mean_ms": 6.027523859302164,
      "p25_ms": 5.774796998593956,
      "p75_ms": 6.238782836589962
    },
    "consumer": {
      "n": 256,
      "median_ms": 60.609824606217444,
      "mean_ms": 60.93700218661979,
      "p25_ms": 59.42577327368781,
      "p75_ms": 62.59882263839245
    },
    "consumer_decode_only": {
      "n": 256,
      "median_ms": 7.549872039817274,
      "mean_ms": 7.811100706931029,
      "p25_ms": 7.449481345247477,
      "p75_ms": 7.70916196051985
    },
    "teacher_only": {
      "n": 256,
      "median_ms": 40.091009926982224,
      "mean_ms": 41.726179279066855,
      "p25_ms": 38.16759749315679,
      "p75_ms": 42.18008887255564
    }
  },
  "config": {
    "format": "AVIF",
    "quality": 1,
    "avif_speed": 10,
    "cpu_model": "AMD EPYC 9354 32-Core Processor",
    "gpu_model": null,
    "device": "cpu",
    "threading": "natural (library defaults; no OMP/MKL/torch caps)",
    "warmup_iters": 4
  }
}