{
  "harness_version": "iter11-cpu-2",
  "pipeline": "wal",
  "pipeline_label": "WaLLoC RGB_16x",
  "task": "cls",
  "val_ds": "timm/imagenet-1k-wds",
  "val_split": "validation",
  "preprocessing": "squash 384x384",
  "operating_point": {
    "type": "pixel_ratio",
    "value": 100,
    "extras": {}
  },
  "transmit_bpp_mean": null,
  "storage_bpp_mean": null,
  "n_eval": null,
  "n_throughput_images": 32,
  "metrics": null,
  "throughput": {
    "encode": {
      "n": 32,
      "median_ms": 14.013797976076603,
      "mean_ms": 13.712594365642872,
      "p25_ms": 13.646623643580824,
      "p75_ms": 14.479978941380978
    },
    "consumer": {
      "n": 32,
      "median_ms": 181.33482849225402,
      "mean_ms": 181.76592387317214,
      "p25_ms": 180.0268667866476,
      "p75_ms": 183.12564649386331
    },
    "consumer_decode_only": {
      "n": 32,
      "median_ms": 135.76879492029548,
      "mean_ms": 147.62023648654576,
      "p25_ms": 134.8292440525256,
      "p75_ms": 169.40836992580444
    },
    "teacher_only": {
      "n": 32,
      "median_ms": 46.61131708417088,
      "mean_ms": 46.62315706082154,
      "p25_ms": 46.09600582625717,
      "p75_ms": 46.904253074899316
    }
  },
  "config": {
    "codec": "walloc:RGB_16x",
    "q_pixel_ratio": 100.0,
    "latent_dim": 12,
    "latent_bits": 8,
    "J": 3,
    "cpu_model": "AMD EPYC 9354 32-Core Processor",
    "gpu_model": null,
    "device": "cpu",
    "threading": "natural (library defaults; no OMP/MKL/torch caps)",
    "warmup_iters": 2
  }
}