{
  "harness_version": "iter11-cpu-2",
  "pipeline": "avif",
  "pipeline_label": "Vanilla AVIF (libavif default speed)",
  "task": "cls",
  "val_ds": "timm/imagenet-1k-wds",
  "val_split": "validation",
  "preprocessing": "squash 384x384",
  "operating_point": {
    "type": "quality",
    "value": 6,
    "extras": {}
  },
  "transmit_bpp_mean": null,
  "storage_bpp_mean": null,
  "n_eval": null,
  "n_throughput_images": 32,
  "metrics": null,
  "throughput": {
    "encode": {
      "n": 32,
      "median_ms": 31.38407808728516,
      "mean_ms": 30.19827501702821,
      "p25_ms": 26.433896098751575,
      "p75_ms": 32.55666873883456
    },
    "consumer": {
      "n": 32,
      "median_ms": 82.4637794867158,
      "mean_ms": 82.54925077199005,
      "p25_ms": 80.11173253180459,
      "p75_ms": 83.98540440248325
    },
    "consumer_decode_only": {
      "n": 32,
      "median_ms": 7.422361988574266,
      "mean_ms": 7.557187425845768,
      "p25_ms": 7.242626044899225,
      "p75_ms": 7.61570711620152
    },
    "teacher_only": {
      "n": 32,
      "median_ms": 61.128751491196454,
      "mean_ms": 63.556933811923955,
      "p25_ms": 59.91945805726573,
      "p75_ms": 61.97781936498359
    }
  },
  "config": {
    "format": "AVIF",
    "quality": 6,
    "avif_speed": null,
    "cpu_model": "AMD EPYC 9354 32-Core Processor",
    "gpu_model": null,
    "device": "cpu",
    "threading": "natural (library defaults; no OMP/MKL/torch caps)",
    "warmup_iters": 2
  }
}