{
  "harness_version": "iter11-cpu-2",
  "pipeline": "walsand",
  "pipeline_label": "WaLLoC + SEA OTTER sandwich",
  "task": "cls",
  "val_ds": "timm/imagenet-1k-wds",
  "val_split": "validation",
  "preprocessing": "squash 384x384",
  "operating_point": {
    "type": "pixel_ratio",
    "value": 36,
    "extras": {}
  },
  "transmit_bpp_mean": null,
  "storage_bpp_mean": null,
  "n_eval": null,
  "n_throughput_images": 32,
  "metrics": null,
  "throughput": {
    "encode": {
      "n": 32,
      "median_ms": 9.989661048166454,
      "mean_ms": 10.017148633778561,
      "p25_ms": 9.19577042805031,
      "p75_ms": 10.531721985898912
    },
    "consumer": {
      "n": 32,
      "median_ms": 65.56450703646988,
      "mean_ms": 63.51810723572271,
      "p25_ms": 61.320143460761756,
      "p75_ms": 66.63580547319725
    },
    "consumer_decode_only": {
      "n": 32,
      "median_ms": 2.9024335090070963,
      "mean_ms": 3.1106975657166913,
      "p25_ms": 2.848532982170582,
      "p75_ms": 2.978753997012973
    },
    "teacher_only": {
      "n": 32,
      "median_ms": 64.2476980574429,
      "mean_ms": 64.34061130858026,
      "p25_ms": 63.20482899900526,
      "p75_ms": 65.4559595277533
    }
  },
  "config": {
    "codec": "walsand",
    "q_pixel_ratio": 36.0,
    "phase2_k": 2,
    "phase2_arch": "D",
    "walloc_latent_dim": 12,
    "walloc_latent_bits": 8,
    "cpu_model": "AMD EPYC 9354 32-Core Processor",
    "gpu_model": null,
    "device": "cpu",
    "threading": "natural (library defaults; no OMP/MKL/torch caps)",
    "warmup_iters": 2
  }
}