{
  "harness_version": "iter11-cpu-2",
  "pipeline": "wal",
  "pipeline_label": "WaLLoC RGB_16x",
  "task": "cls",
  "val_ds": "timm/imagenet-1k-wds",
  "val_split": "validation",
  "preprocessing": "squash 384x384",
  "operating_point": {
    "type": "pixel_ratio",
    "value": 16,
    "extras": {}
  },
  "transmit_bpp_mean": null,
  "storage_bpp_mean": null,
  "n_eval": null,
  "n_throughput_images": 256,
  "metrics": null,
  "throughput": {
    "encode": {
      "n": 256,
      "median_ms": 7.98740703612566,
      "mean_ms": 7.973838819452794,
      "p25_ms": 7.334632391575724,
      "p75_ms": 8.200451964512467
    },
    "consumer": {
      "n": 256,
      "median_ms": 84.41208896692842,
      "mean_ms": 82.45753303162928,
      "p25_ms": 76.81556808529422,
      "p75_ms": 85.54257091600448
    },
    "consumer_decode_only": {
      "n": 256,
      "median_ms": 37.43315697647631,
      "mean_ms": 37.06699850590667,
      "p25_ms": 36.07356024440378,
      "p75_ms": 38.54828159091994
    },
    "teacher_only": {
      "n": 256,
      "median_ms": 47.868734458461404,
      "mean_ms": 47.76797007525602,
      "p25_ms": 46.40091100009158,
      "p75_ms": 48.97657805122435
    }
  },
  "config": {
    "codec": "walloc:RGB_16x",
    "q_pixel_ratio": 16.0,
    "latent_dim": 12,
    "latent_bits": 8,
    "J": 3,
    "cpu_model": "AMD EPYC 9354 32-Core Processor",
    "gpu_model": null,
    "device": "cpu",
    "threading": "natural (library defaults; no OMP/MKL/torch caps)",
    "warmup_iters": 4
  }
}