{
  "harness_version": "iter11-cpu-2",
  "pipeline": "avif",
  "pipeline_label": "Vanilla AVIF (libavif default speed)",
  "task": "cls",
  "val_ds": "timm/imagenet-1k-wds",
  "val_split": "validation",
  "preprocessing": "squash 384x384",
  "operating_point": {
    "type": "quality",
    "value": 5,
    "extras": {}
  },
  "transmit_bpp_mean": null,
  "storage_bpp_mean": null,
  "n_eval": null,
  "n_throughput_images": 32,
  "metrics": null,
  "throughput": {
    "encode": {
      "n": 32,
      "median_ms": 29.20610853470862,
      "mean_ms": 30.320773854327854,
      "p25_ms": 25.382426916621625,
      "p75_ms": 34.33211165247485
    },
    "consumer": {
      "n": 32,
      "median_ms": 79.42898548208177,
      "mean_ms": 79.47577411687234,
      "p25_ms": 78.43580021290109,
      "p75_ms": 80.07441577501595
    },
    "consumer_decode_only": {
      "n": 32,
      "median_ms": 7.131561520509422,
      "mean_ms": 7.18784626951674,
      "p25_ms": 7.01804127311334,
      "p75_ms": 7.281162077561021
    },
    "teacher_only": {
      "n": 32,
      "median_ms": 64.03151410631835,
      "mean_ms": 64.65718332765391,
      "p25_ms": 63.494892907328904,
      "p75_ms": 64.87131945323199
    }
  },
  "config": {
    "format": "AVIF",
    "quality": 5,
    "avif_speed": null,
    "cpu_model": "AMD EPYC 9354 32-Core Processor",
    "gpu_model": null,
    "device": "cpu",
    "threading": "natural (library defaults; no OMP/MKL/torch caps)",
    "warmup_iters": 2
  }
}