{
  "harness_version": "iter11-cpu-2",
  "pipeline": "avif",
  "pipeline_label": "Vanilla AVIF (libavif default speed)",
  "task": "cls",
  "val_ds": "timm/imagenet-1k-wds",
  "val_split": "validation",
  "preprocessing": "squash 384x384",
  "operating_point": {
    "type": "quality",
    "value": 25,
    "extras": {}
  },
  "transmit_bpp_mean": null,
  "storage_bpp_mean": null,
  "n_eval": null,
  "n_throughput_images": 32,
  "metrics": null,
  "throughput": {
    "encode": {
      "n": 32,
      "median_ms": 39.004962891340256,
      "mean_ms": 39.043655997375026,
      "p25_ms": 32.776941545307636,
      "p75_ms": 43.022162455599755
    },
    "consumer": {
      "n": 32,
      "median_ms": 67.06902792211622,
      "mean_ms": 66.4787531568436,
      "p25_ms": 63.7590404949151,
      "p75_ms": 68.29497357830405
    },
    "consumer_decode_only": {
      "n": 32,
      "median_ms": 7.718243519775569,
      "mean_ms": 7.747685936919879,
      "p25_ms": 7.568935630843043,
      "p75_ms": 7.900976343080401
    },
    "teacher_only": {
      "n": 32,
      "median_ms": 41.429949924349785,
      "mean_ms": 46.30097538756672,
      "p25_ms": 41.02589160902426,
      "p75_ms": 49.44373987382278
    }
  },
  "config": {
    "format": "AVIF",
    "quality": 25,
    "avif_speed": null,
    "cpu_model": "AMD EPYC 9354 32-Core Processor",
    "gpu_model": null,
    "device": "cpu",
    "threading": "natural (library defaults; no OMP/MKL/torch caps)",
    "warmup_iters": 2
  }
}