{
  "harness_version": "iter11-cpu-2",
  "pipeline": "avifx",
  "pipeline_label": "Vanilla AVIF (libavif speed=10)",
  "task": "cls",
  "val_ds": "timm/imagenet-1k-wds",
  "val_split": "validation",
  "preprocessing": "squash 384x384",
  "operating_point": {
    "type": "quality",
    "value": 5,
    "extras": {
      "avif_speed": 10
    }
  },
  "transmit_bpp_mean": null,
  "storage_bpp_mean": null,
  "n_eval": null,
  "n_throughput_images": 32,
  "metrics": null,
  "throughput": {
    "encode": {
      "n": 32,
      "median_ms": 5.873637506738305,
      "mean_ms": 5.83781192835886,
      "p25_ms": 5.5868467898108065,
      "p75_ms": 6.099300575442612
    },
    "consumer": {
      "n": 32,
      "median_ms": 64.74162905942649,
      "mean_ms": 66.77994275378296,
      "p25_ms": 64.18787804432213,
      "p75_ms": 66.68011780129746
    },
    "consumer_decode_only": {
      "n": 32,
      "median_ms": 8.064249064773321,
      "mean_ms": 8.489985251799226,
      "p25_ms": 7.281564408913255,
      "p75_ms": 9.326920611783862
    },
    "teacher_only": {
      "n": 32,
      "median_ms": 56.59821000881493,
      "mean_ms": 57.534735846275,
      "p25_ms": 55.23617600556463,
      "p75_ms": 59.55977435223758
    }
  },
  "config": {
    "format": "AVIF",
    "quality": 5,
    "avif_speed": 10,
    "cpu_model": "AMD EPYC 9354 32-Core Processor",
    "gpu_model": null,
    "device": "cpu",
    "threading": "natural (library defaults; no OMP/MKL/torch caps)",
    "warmup_iters": 2
  }
}