{
  "harness_version": "iter11-cpu-2",
  "pipeline": "webp",
  "pipeline_label": "Vanilla WebP",
  "task": "cls",
  "val_ds": "timm/imagenet-1k-wds",
  "val_split": "validation",
  "preprocessing": "squash 384x384",
  "operating_point": {
    "type": "quality",
    "value": 10,
    "extras": {}
  },
  "transmit_bpp_mean": null,
  "storage_bpp_mean": null,
  "n_eval": null,
  "n_throughput_images": 32,
  "metrics": null,
  "throughput": {
    "encode": {
      "n": 32,
      "median_ms": 9.120141970925033,
      "mean_ms": 9.24484940333059,
      "p25_ms": 8.522861055098474,
      "p75_ms": 9.820786421187222
    },
    "consumer": {
      "n": 32,
      "median_ms": 64.98055648989975,
      "mean_ms": 64.71684809366707,
      "p25_ms": 63.82627022685483,
      "p75_ms": 66.05576508445665
    },
    "consumer_decode_only": {
      "n": 32,
      "median_ms": 1.2388440081849694,
      "mean_ms": 1.2608994293259457,
      "p25_ms": 1.12894392805174,
      "p75_ms": 1.3722964795306325
    },
    "teacher_only": {
      "n": 32,
      "median_ms": 58.42615140136331,
      "mean_ms": 58.6435775476275,
      "p25_ms": 57.51774139935151,
      "p75_ms": 59.20268833870068
    }
  },
  "config": {
    "format": "WEBP",
    "quality": 10,
    "cpu_model": "AMD EPYC 9354 32-Core Processor",
    "gpu_model": null,
    "device": "cpu",
    "threading": "natural (library defaults; no OMP/MKL/torch caps)",
    "warmup_iters": 2
  }
}