{
  "harness_version": "codec-kodak-v1",
  "seaotter_bundle": "S3 (load_from_hub default; danjacobellis/seaotter @ seaotter_jpeg_s3)",
  "seaotter_anchors": [
    {
      "k": 0,
      "lambda": 0.75,
      "mean_bpp": 1.0992490980360243,
      "mean_psnr": 33.16782565384357,
      "matched_q_sub0": 53,
      "dominance_ok": true
    },
    {
      "k": 1,
      "lambda": 0.4,
      "mean_bpp": 1.9087465074327257,
      "mean_psnr": 37.768273444375744,
      "matched_q_sub0": 81,
      "dominance_ok": true
    },
    {
      "k": 2,
      "lambda": 0.22,
      "mean_bpp": 2.8699874877929688,
      "mean_psnr": 40.890171858018455,
      "matched_q_sub0": 91,
      "dominance_ok": true
    }
  ],
  "q_ladder": {
    "q0p5": 39,
    "q1": 53,
    "q1p5": 67,
    "q2": 81,
    "q2p5": 86,
    "q3": 91,
    "q3p5": 96
  },
  "jpeg_sub0_sweep_summary": {
    "q": [
      1,
      2,
      3,
      4,
      5,
      6,
      7,
      8,
      9,
      10,
      11,
      12,
      13,
      14,
      15,
      16,
      17,
      18,
      19,
      20,
      21,
      22,
      23,
      24,
      25,
      26,
      27,
      28,
      29,
      30,
      31,
      32,
      33,
      34,
      35,
      36,
      37,
      38,
      39,
      40,
      41,
      42,
      43,
      44,
      45,
      46,
      47,
      48,
      49,
      50,
      51,
      52,
      53,
      54,
      55,
      56,
      57,
      58,
      59,
      60,
      61,
      62,
      63,
      64,
      65,
      66,
      67,
      68,
      69,
      70,
      71,
      72,
      73,
      74,
      75,
      76,
      77,
      78,
      79,
      80,
      81,
      82,
      83,
      84,
      85,
      86,
      87,
      88,
      89,
      90,
      91,
      92,
      93,
      94,
      95,
      96,
      97,
      98,
      99
    ],
    "mean_bpp": [
      0.2666795518663195,
      0.26678551567925346,
      0.27543555365668404,
      0.29412587483723956,
      0.31515757242838544,
      0.3370530870225694,
      0.35912492540147567,
      0.38077714708116317,
      0.4032626681857639,
      0.4246080186631944,
      0.44598134358723956,
      0.46634758843315977,
      0.48809814453125,
      0.506699456108941,
      0.526638454861111,
      0.546322292751736,
      0.5652423434787327,
      0.5844022962782118,
      0.6014149983723959,
      0.6180224948459202,
      0.637131585015191,
      0.6542400783962673,
      0.6718063354492188,
      0.6892284817165799,
      0.7046262953016492,
      0.7208582560221354,
      0.737672593858507,
      0.7550226847330729,
      0.7689539591471354,
      0.7842619154188367,
      0.7990680270724826,
      0.8141250610351562,
      0.8314751519097222,
      0.8430285983615451,
      0.860688951280382,
      0.8771735297309028,
      0.8868526882595487,
      0.9046885172526041,
      0.9174880981445312,
      0.9251191880967883,
      0.9459974500868055,
      0.9573008219401041,
      0.9680752224392362,
      0.9876268174913195,
      0.996993170844184,
      1.015581766764323,
      1.023638407389323,
      1.0354164971245658,
      1.0571890936957467,
      1.0613861083984375,
      1.065802680121528,
      1.089867485894097,
      1.1031723022460938,
      1.113355000813802,
      1.1288655598958333,
      1.1456400553385417,
      1.1643235948350694,
      1.1840786404079862,
      1.1958101060655382,
      1.213189019097222,
      1.2355677286783855,
      1.2491488986545138,
      1.2749794854058158,
      1.2916954888237846,
      1.3143361409505208,
      1.3382568359375,
      1.3587154812282984,
      1.388763427734375,
      1.4141167534722223,
      1.4473342895507812,
      1.4800313313802083,
      1.5025100708007812,
      1.5381639268663194,
      1.5894419352213542,
      1.6010521782769098,
      1.640824211968316,
      1.7027367485894098,
      1.7515513102213542,
      1.7869864569769964,
      1.846282958984375,
      1.9122161865234375,
      1.9728927612304688,
      2.051801893446181,
      2.1181233723958335,
      2.20157708062066,
      2.2979227701822915,
      2.386373731825087,
      2.524378458658854,
      2.6223042805989585,
      2.7990205552842884,
      2.9647615220811634,
      3.124012417263455,
      3.389643351236979,
      3.727300855848524,
      4.107135348849826,
      4.7012278238932295,
      5.330675760904948,
      6.132659064398871,
      8.186456468370226
    ],
    "mean_psnr_db": [
      21.546823091205606,
      21.54876894760606,
      21.758076935538345,
      22.930943204578497,
      23.99943118952727,
      24.88474335045898,
      25.55544676041971,
      26.07847823378033,
      26.48248525122185,
      26.936314783835616,
      27.281519580275468,
      27.610411800522993,
      27.944326707356037,
      28.18635998742921,
      28.4643210998013,
      28.69843880909365,
      28.939024758905912,
      29.15221754544581,
      29.31499080827315,
      29.510833260712303,
      29.707037383996354,
      29.839446797005582,
      29.996234550743225,
      30.154744845305178,
      30.284929469624217,
      30.410401220355343,
      30.56723060859206,
      30.682165542313715,
      30.794612109689538,
      30.909509208718536,
      31.019189742784175,
      31.126560289586962,
      31.246526241680954,
      31.340276863398614,
      31.455937061343672,
      31.56382420501944,
      31.626889265388158,
      31.736445758807523,
      31.812819088435592,
      31.887646051348565,
      32.01124542217871,
      32.061125815187964,
      32.13797474039422,
      32.26102288980156,
      32.31253262648408,
      32.41537966874736,
      32.473945783685735,
      32.523739489049255,
      32.63959462530371,
      32.68374405136179,
      32.72816368445874,
      32.842137461519904,
      32.90019506929622,
      32.971021785105584,
      33.045451282155426,
      33.128694246680645,
      33.21229767119487,
      33.308810368744005,
      33.37547486824364,
      33.46493278703022,
      33.56406499446008,
      33.644383297843454,
      33.748610616375046,
      33.84093449186069,
      33.942001481321505,
      34.05178796516305,
      34.174858556651515,
      34.2897914671228,
      34.399046870329165,
      34.544632594310414,
      34.686704855156684,
      34.801642122980006,
      34.926423723122404,
      35.107675160789405,
      35.19967190573647,
      35.400593370641154,
      35.6122806834939,
      35.75577947878086,
      35.919235031826155,
      36.133526125666314,
      36.37175186624747,
      36.584150168778486,
      36.81911743398404,
      37.07333484207614,
      37.353382849467785,
      37.658710785550205,
      37.95955664848534,
      38.340852381629325,
      38.701874594726874,
      39.15734787219953,
      39.62387267027946,
      40.15425718471695,
      40.76518216695985,
      41.50001687984865,
      42.30122888716061,
      43.38403088436379,
      44.601323949797575,
      46.21506494551206,
      48.31610148666405
    ]
  },
  "q_selection_rule": "smallest integer q in [1,99] such that mean_PSNR(JPEG sub=0 @ q) < mean_PSNR(SEA OTTER @ k) AND mean_bpp(JPEG sub=0 @ q) > mean_bpp(SEA OTTER @ k)",
  "q_interpolation_rule": "q1p5 = round((q1+q2)/2); q2p5 = round((q2+q3)/2); q0p5 = round(q1 - (q2-q1)/2); q3p5 = round(q3 + (q3-q2)/2); all clamped to [1, 99]",
  "collisions": [],
  "warnings": [],
  "n_eval": 24,
  "val_ds": "danjacobellis/kodak",
  "device": "cpu"
}